{
  "tutors": [
    {
      "id": 1,
      "name": "Teja M",
      "specialize": "Image processing",
      "tutor_img": "https://i1.rgstatic.net/ii/profile.image/1135046819889153-1647627658370_Q512/Teja-Maddala.jpg"
    },
    {
      "id": 2,
      "name": "M Tejas kumar",
      "specialize": "NLP",
      "tutor_img": "https://i1.rgstatic.net/ii/profile.image/281362192977923-1444093382584_Q512/Kanakam-Teja-Maddala.jpg"
    },
    {
      "id": 3,
      "name": "Kiran Kumar",
      "specialize": "AI/ML",
      "tutor_img": "https://blog.ipleaders.in/wp-content/uploads/2019/05/pasted-image-0-696x595.jpg"
    }
  ]
}
